year;country;gdp
1960;Africa;36115040848.32
1961;Africa;37671289633.43
1962;Africa;40708935975.79
1963;Africa;46244089576.70
1964;Africa;46088855818.24
1965;Africa;50733432404.68
1966;Africa;54968236854.88
1967;Africa;54944906083.41
1968;Africa;58772454927.55
1969;Africa;66358543377.78
1970;Africa;74299789479.79
1971;Africa;76694926296.75
1972;Africa;86225552890.15
1973;Africa;109987674788.15
1974;Africa;139239820860.52
1975;Africa;152593185073.34
1976;Africa;164409492168.07
1977;Africa;181018307022.66
1978;Africa;202884868792.50
1979;Africa;238807682420.61
1980;Africa;299005282317.61
1981;Africa;402068829272.84
1982;Africa;374317881322.96
1983;Africa;337039967993.18
1984;Africa;301313327471.80
1985;Africa;287196769411.66
1986;Africa;269870056722.47
1987;Africa;302563817645.08
1988;Africa;318691488525.25
1989;Africa;324640467097.14
1990;Africa;380216223087.00
1991;Africa;406985289250.53
1992;Africa;365897203921.88
1993;Africa;369827362808.30
1994;Africa;378347978725.92
1995;Africa;480610140568.90
1996;Africa;536131862506.73
1997;Africa;564119926457.37
1998;Africa;564985897562.35
1999;Africa;404897641655.88
2000;Africa;429341727209.20
2001;Africa;411050711576.97
2002;Africa;447205102921.18
2003;Africa;563471356141.08
2004;Africa;701262843334.38
2005;Africa;833757542912.66
2006;Africa;982964971774.76
2007;Africa;1137136516192.44
2008;Africa;1288561561101.97
2009;Africa;1230959378749.76
2010;Africa;1455689721145.79
2011;Africa;1636626485590.66
2012;Africa;1701125321406.29
2013;Africa;1806643863646.98
2014;Africa;1882677435511.00
2015;Africa;1676330914192.17
2016;Africa;1528989342276.60
2017;Africa;1667076470688.94
2018;Africa;1790131601908.14
2019;Africa;1843035420525.45
2020;Africa;1730702407679.05
2021;Africa;1943719394821.09
1960;Andorra;
1961;Andorra;
1962;Andorra;
1963;Andorra;
1964;Andorra;
1965;Andorra;
1966;Andorra;
1967;Andorra;
1968;Andorra;
1969;Andorra;
1970;Andorra;78617711.10
1971;Andorra;89406608.15
1972;Andorra;113414397.37
1973;Andorra;150841639.30
1974;Andorra;186557082.00
1975;Andorra;220112572.21
1976;Andorra;227283850.83
1977;Andorra;253997897.23
1978;Andorra;308020261.16
1979;Andorra;411548748.35
1980;Andorra;446377776.80
1981;Andorra;388983266.20
1982;Andorra;375914743.58
1983;Andorra;327850042.52
1984;Andorra;330073080.64
1985;Andorra;346742714.68
1986;Andorra;481996012.87
1987;Andorra;611299924.54
1988;Andorra;721425939.15
1989;Andorra;795489582.04
1990;Andorra;1028989692.07
1991;Andorra;1106891361.54
1992;Andorra;1209992020.30
1993;Andorra;1007090269.87
1994;Andorra;1017544068.84
1995;Andorra;1178745282.87
1996;Andorra;1224024139.21
1997;Andorra;1180645571.86
1998;Andorra;1211953994.06
1999;Andorra;1240295103.08
2000;Andorra;1432606188.69
2001;Andorra;1548265808.06
2002;Andorra;1764279824.30
2003;Andorra;2366941808.94
2004;Andorra;2900245324.49
2005;Andorra;3161084091.12
2006;Andorra;3459337986.88
2007;Andorra;3957625367.22
2008;Andorra;4102319399.02
2009;Andorra;3688976340.75
2010;Andorra;3449925738.86
2011;Andorra;3629133574.28
2012;Andorra;3188652765.36
2013;Andorra;3193512950.02
2014;Andorra;3271685596.66
2015;Andorra;2789881258.50
2016;Andorra;2896610479.73
2017;Andorra;3000162081.12
2018;Andorra;3218419896.96
2019;Andorra;3155149347.81
2020;Andorra;2891001149.36
2021;Andorra;3324647529.38
1960;Bahamas;169736027.16
1961;Bahamas;190022030.40
1962;Bahamas;212170033.95
1963;Bahamas;237650038.02
1964;Bahamas;266560042.65
1965;Bahamas;300272048.04
1966;Bahamas;346800000.00
1967;Bahamas;398000000.00
1968;Bahamas;453800000.00
1969;Bahamas;538700000.00
1970;Bahamas;539500000.00
1971;Bahamas;573400000.00
1972;Bahamas;590900000.00
1973;Bahamas;670900000.00
1974;Bahamas;632400000.00
1975;Bahamas;596200000.00
1976;Bahamas;642100000.00
1977;Bahamas;713000000.00
1978;Bahamas;832400000.00
1979;Bahamas;1139800100.00
1980;Bahamas;1335300000.00
1981;Bahamas;1426500000.00
1982;Bahamas;1578300000.00
1983;Bahamas;1732800000.00
1984;Bahamas;2041100000.00
1985;Bahamas;2320699900.00
1986;Bahamas;2472500000.00
1987;Bahamas;2713999900.00
1988;Bahamas;2817900000.00
1989;Bahamas;3062000000.00
1990;Bahamas;3166000000.00
1991;Bahamas;3111160000.00
1992;Bahamas;3109000000.00
1993;Bahamas;3092000000.00
1994;Bahamas;3259000000.00
1995;Bahamas;3429000000.00
1996;Bahamas;3609000000.00
1997;Bahamas;6332360000.00
1998;Bahamas;6833220000.00
1999;Bahamas;7683870000.00
2000;Bahamas;8076470000.00
2001;Bahamas;8317830000.00
2002;Bahamas;8881160000.00
2003;Bahamas;8870090000.00
2004;Bahamas;9055290000.00
2005;Bahamas;9836200000.00
2006;Bahamas;10167250000.00
2007;Bahamas;10618340000.00
2008;Bahamas;10526000000.00
2009;Bahamas;9981960000.00
2010;Bahamas;10095760000.00
2011;Bahamas;10070450000.00
2012;Bahamas;10720400000.00
2013;Bahamas;10475300000.00
2014;Bahamas;11139100000.00
2015;Bahamas;11837600000.00
2016;Bahamas;11880900000.00
2017;Bahamas;12446900000.00
2018;Bahamas;12819200000.00
2019;Bahamas;13277000000.00
2020;Bahamas;10363200000.00
2021;Bahamas;12037000000.00
1960;Antigua and Barbuda;
1961;Antigua and Barbuda;
1962;Antigua and Barbuda;
1963;Antigua and Barbuda;
1964;Antigua and Barbuda;
1965;Antigua and Barbuda;
1966;Antigua and Barbuda;
1967;Antigua and Barbuda;
1968;Antigua and Barbuda;
1969;Antigua and Barbuda;
1970;Antigua and Barbuda;
1971;Antigua and Barbuda;
1972;Antigua and Barbuda;
1973;Antigua and Barbuda;
1974;Antigua and Barbuda;
1975;Antigua and Barbuda;
1976;Antigua and Barbuda;
1977;Antigua and Barbuda;77507407.41
1978;Antigua and Barbuda;88040740.74
1979;Antigua and Barbuda;109596296.30
1980;Antigua and Barbuda;132451851.85
1981;Antigua and Barbuda;149388888.89
1982;Antigua and Barbuda;166444444.44
1983;Antigua and Barbuda;184866666.67
1984;Antigua and Barbuda;212214814.81
1985;Antigua and Barbuda;246370370.37
1986;Antigua and Barbuda;297562962.96
1987;Antigua and Barbuda;346866666.67
1988;Antigua and Barbuda;411396296.30
1989;Antigua and Barbuda;455174074.07
1990;Antigua and Barbuda;478718518.52
1991;Antigua and Barbuda;504337037.04
1992;Antigua and Barbuda;525133333.33
1993;Antigua and Barbuda;565662962.96
1994;Antigua and Barbuda;625081481.48
1995;Antigua and Barbuda;616051851.85
1996;Antigua and Barbuda;679140740.74
1997;Antigua and Barbuda;734422222.22
1998;Antigua and Barbuda;789788888.89
1999;Antigua and Barbuda;835544444.44
2000;Antigua and Barbuda;901003703.70
2001;Antigua and Barbuda;877774074.07
2002;Antigua and Barbuda;898092592.59
2003;Antigua and Barbuda;948100000.00
2004;Antigua and Barbuda;1026329629.63
2005;Antigua and Barbuda;1143896296.30
2006;Antigua and Barbuda;1303674074.07
2007;Antigua and Barbuda;1487381481.48
2008;Antigua and Barbuda;1557640740.74
2009;Antigua and Barbuda;1386518518.52
2010;Antigua and Barbuda;1298348148.15
2011;Antigua and Barbuda;1287359259.26
2012;Antigua and Barbuda;1364729629.63
2013;Antigua and Barbuda;1325496296.30
2014;Antigua and Barbuda;1378707407.41
2015;Antigua and Barbuda;1437485185.19
2016;Antigua and Barbuda;1489603703.70
2017;Antigua and Barbuda;1534855555.56
2018;Antigua and Barbuda;1661529629.63
2019;Antigua and Barbuda;1726448148.15
2020;Antigua and Barbuda;1411637037.04
2021;Antigua and Barbuda;1602125925.93
1960;European Union (27);284940105505.95
1961;European Union (27);316588739741.40
1962;European Union (27);349919463897.59
1963;European Union (27);384463996600.82
1964;European Union (27);426413441946.37
1965;European Union (27);466588325740.87
1966;European Union (27);505133316052.57
1967;European Union (27);537834604605.82
1968;European Union (27);577242260688.04
1969;European Union (27);644178244951.84
1970;European Union (27);728534034152.42
1971;European Union (27);823522762346.00
1972;European Union (27);993685960671.45
1973;European Union (27);1286150981000.53
1974;European Union (27);1455944556413.31
1975;European Union (27);1694125499826.14
1976;European Union (27);1775178344639.61
1977;European Union (27);2011371821253.78
1978;European Union (27);2449230744528.93
1979;European Union (27);2960087729975.43
1980;European Union (27);3311399706779.70
1981;European Union (27);2890051999524.15
1982;European Union (27);2787869432163.57
1983;European Union (27);2710864092953.09
1984;European Union (27);2612658093799.59
1985;European Union (27);2686731768899.57
1986;European Union (27);3753267965740.62
1987;European Union (27);4639616120836.58
1988;European Union (27);5094086849317.23
1989;European Union (27);5202886942799.28
1990;European Union (27);6505698343166.18
1991;European Union (27);6727634898802.08
1992;European Union (27);7389298935349.97
1993;European Union (27);6750810086374.69
1994;European Union (27);7157911260101.00
1995;European Union (27);8298355169644.62
1996;European Union (27);8433617493641.56
1997;European Union (27);7735887434157.05
1998;European Union (27);7970105287117.21
1999;European Union (27);7936109900009.98
2000;European Union (27);7288482686162.80
2001;European Union (27);7407617397190.54
2002;European Union (27);8100431722676.83
2003;European Union (27);9956862331236.13
2004;European Union (27);11449103735400.40
2005;European Union (27);11954351248970.20
2006;European Union (27);12768365760447.10
2007;European Union (27);14789481701232.20
2008;European Union (27);16365051887483.30
2009;European Union (27);14846076564563.80
2010;European Union (27);14643095807338.50
2011;European Union (27);15876345191243.50
2012;European Union (27);14733644865813.40
2013;European Union (27);15399956333015.20
2014;European Union (27);15764830876562.30
2015;European Union (27);13655113751882.80
2016;European Union (27);13990609868691.70
2017;European Union (27);14870146541628.40
2018;European Union (27);16092154353714.70
2019;European Union (27);15809298345792.20
2020;European Union (27);15505708717748.90
2021;European Union (27);17498522970845.20
1960;Guyana;170216241.13
1961;Guyana;185849535.38
1962;Guyana;194949512.63
1963;Guyana;175757893.94
1964;Guyana;194774513.06
1965;Guyana;213235294.12
1966;Guyana;228705882.35
1967;Guyana;250176470.59
1968;Guyana;229750000.00
1969;Guyana;249300000.00
1970;Guyana;267800000.00
1971;Guyana;282050000.00
1972;Guyana;285380952.38
1973;Guyana;307047619.05
1974;Guyana;433954545.45
1975;Guyana;494791666.67
1976;Guyana;454440000.00
1977;Guyana;449880000.00
1978;Guyana;507080000.00
1979;Guyana;530440000.00
1980;Guyana;603200000.00
1981;Guyana;570357107.14
1982;Guyana;482000000.00
1983;Guyana;489333333.33
1984;Guyana;437631605.26
1985;Guyana;453488372.09
1986;Guyana;504651139.53
1987;Guyana;354591846.94
1988;Guyana;413799990.00
1989;Guyana;379779389.71
1990;Guyana;396582263.29
1991;Guyana;348533094.81
1992;Guyana;373573141.49
1993;Guyana;454101382.49
1994;Guyana;540874934.20
1995;Guyana;621626785.92
1996;Guyana;705406001.42
1997;Guyana;749138009.56
1998;Guyana;717530683.17
1999;Guyana;694754988.26
2000;Guyana;712667896.73
2001;Guyana;712167450.16
2002;Guyana;726131434.72
2003;Guyana;743063950.32
2004;Guyana;787814379.18
2005;Guyana;824880550.34
2006;Guyana;2379817990.69
2007;Guyana;2730971595.40
2008;Guyana;3025187433.34
2009;Guyana;3165663152.73
2010;Guyana;3432912516.92
2011;Guyana;3691384317.52
2012;Guyana;4063088535.76
2013;Guyana;4167800928.84
2014;Guyana;4127660151.81
2015;Guyana;4279840193.70
2016;Guyana;4482697336.56
2017;Guyana;4748174334.14
2018;Guyana;4787636997.85
2019;Guyana;5173760191.85
2020;Guyana;5471256594.72
2021;Guyana;8041362110.31
1960;High-income countries;1093609209701.78
1961;High-income countries;1166571376215.82
1962;High-income countries;1261935408422.94
1963;High-income countries;1357542627897.02
1964;High-income countries;1483754172602.72
1965;High-income countries;1612706213753.01
1966;High-income countries;1764024192793.08
1967;High-income countries;1884513918523.22
1968;High-income countries;2044416549249.25
1969;High-income countries;2252841490657.71
1970;High-income countries;2471829517622.04
1971;High-income countries;2746161975935.69
1972;High-income countries;3190235654470.56
1973;High-income countries;3870550762951.24
1974;High-income countries;4377440169545.27
1975;High-income countries;4883171049710.25
1976;High-income countries;5318962932302.35
1977;High-income countries;6021662447662.70
1978;High-income countries;7228235279355.43
1979;High-income countries;8354394990631.79
1980;High-income countries;9326999121363.57
1981;High-income countries;9468176035861.55
1982;High-income countries;9374171137590.10
1983;High-income countries;9684156890811.56
1984;High-income countries;10096259066108.90
1985;High-income countries;10594095198000.90
1986;High-income countries;12867873453762.10
1987;High-income countries;14918683666187.10
1988;High-income countries;16790070077733.10
1989;High-income countries;17486491336746.60
1990;High-income countries;19583281069258.90
1991;High-income countries;20665888711688.50
1992;High-income countries;22129667002015.30
1993;High-income countries;22285953900201.40
1994;High-income countries;23836531540795.70
1995;High-income countries;26449503667147.50
1996;High-income countries;26661746580950.20
1997;High-income countries;26227330459141.80
1998;High-income countries;26191339510748.90
1999;High-income countries;27432228531303.10
2000;High-income countries;28067143567118.10
2001;High-income countries;27844274390117.90
2002;High-income countries;29059437468881.70
2003;High-income countries;32620137108093.20
2004;High-income countries;36440172761727.60
2005;High-income countries;38693531739012.50
2006;High-income countries;41070891802089.80
2007;High-income countries;45194846769906.80
2008;High-income countries;48449554077176.10
2009;High-income countries;45064143325319.40
2010;High-income countries;47467522099222.60
2011;High-income countries;51685044104325.60
2012;High-income countries;51861387409419.30
2013;High-income countries;52613348402646.70
2014;High-income countries;53498564970361.20
2015;High-income countries;49956747461166.40
2016;High-income countries;50925145050903.70
2017;High-income countries;53532832551203.60
2018;High-income countries;56899748048245.30
2019;High-income countries;57469453150147.40
2020;High-income countries;56044969561614.30
2021;High-income countries;62927771341457.90
1960;Fiji;112328422.11
1961;Fiji;116987784.91
1962;Fiji;122906434.96
1963;Fiji;129454728.62
1964;Fiji;140032741.47
1965;Fiji;147084750.03
1966;Fiji;150603925.52
1967;Fiji;162625885.86
1968;Fiji;166952937.14
1969;Fiji;182182067.70
1970;Fiji;219878482.17
1971;Fiji;247749327.72
1972;Fiji;316656648.70
1973;Fiji;425950487.52
1974;Fiji;558587097.38
1975;Fiji;684282434.36
1976;Fiji;694540806.38
1977;Fiji;719501765.78
1978;Fiji;829267889.43
1979;Fiji;1019691460.17
1980;Fiji;1202618816.21
1981;Fiji;1235626770.51
1982;Fiji;1194059943.22
1983;Fiji;1123085190.07
1984;Fiji;1178000678.00
1985;Fiji;1141168943.98
1986;Fiji;1290267339.65
1987;Fiji;1177947965.12
1988;Fiji;1110009522.76
1989;Fiji;1182660265.77
1990;Fiji;1337017559.50
1991;Fiji;1383883249.59
1992;Fiji;1532411039.05
1993;Fiji;1636101246.94
1994;Fiji;1825732092.55
1995;Fiji;1970301486.21
1996;Fiji;2128696643.63
1997;Fiji;2090221137.03
1998;Fiji;1653146716.58
1999;Fiji;1936459986.04
2000;Fiji;1678219507.90
2001;Fiji;1652462023.46
2002;Fiji;1833279985.37
2003;Fiji;2300492465.32
2004;Fiji;2708078476.63
2005;Fiji;2980403844.72
2006;Fiji;3076305452.87
2007;Fiji;3378314599.76
2008;Fiji;3523185919.56
2009;Fiji;2870624635.68
2010;Fiji;3140166712.80
2011;Fiji;3779411899.37
2012;Fiji;3972028104.47
2013;Fiji;4189967998.51
2014;Fiji;4857104768.87
2015;Fiji;4682479893.98
2016;Fiji;4930213644.37
2017;Fiji;5353469174.48
2018;Fiji;5581425327.44
2019;Fiji;5444407198.13
2020;Fiji;4432466219.88
2021;Fiji;4305031649.74
1960;Grenada;
1961;Grenada;
1962;Grenada;
1963;Grenada;
1964;Grenada;
1965;Grenada;
1966;Grenada;
1967;Grenada;
1968;Grenada;
1969;Grenada;
1970;Grenada;
1971;Grenada;
1972;Grenada;
1973;Grenada;
1974;Grenada;
1975;Grenada;
1976;Grenada;
1977;Grenada;71494495.19
1978;Grenada;88322386.30
1979;Grenada;102244362.22
1980;Grenada;110900457.04
1981;Grenada;115651918.89
1982;Grenada;125435590.00
1983;Grenada;131803552.22
1984;Grenada;145533310.74
1985;Grenada;167728455.19
1986;Grenada;187589522.59
1987;Grenada;215009569.63
1988;Grenada;236357523.70
1989;Grenada;267327642.22
1990;Grenada;278098762.96
1991;Grenada;300757888.89
1992;Grenada;310160444.44
1993;Grenada;309812185.19
1994;Grenada;325111814.81
1995;Grenada;342172518.52
1996;Grenada;366911444.44
1997;Grenada;392190592.59
1998;Grenada;445903592.59
1999;Grenada;482009370.37
2000;Grenada;520044370.37
2001;Grenada;520444185.19
2002;Grenada;540336925.93
2003;Grenada;591018407.41
2004;Grenada;599118592.59
2005;Grenada;695555555.56
2006;Grenada;698700666.67
2007;Grenada;758683592.59
2008;Grenada;825976037.04
2009;Grenada;771275555.56
2010;Grenada;771014814.81
2011;Grenada;778655555.56
2012;Grenada;799881481.48
2013;Grenada;842618518.52
2014;Grenada;911496296.30
2015;Grenada;997007407.41
2016;Grenada;1061640740.74
2017;Grenada;1125685185.19
2018;Grenada;1166514814.81
2019;Grenada;1213485185.19
2020;Grenada;1043411111.11
2021;Grenada;1122800000.00
1960;Brunei;
1961;Brunei;
1962;Brunei;
1963;Brunei;
1964;Brunei;
1965;Brunei;114039500.59
1966;Brunei;132757528.04
1967;Brunei;139029537.24
1968;Brunei;160818235.87
1969;Brunei;161210236.44
1970;Brunei;179078929.32
1971;Brunei;197525767.79
1972;Brunei;270822782.03
1973;Brunei;433095526.69
1974;Brunei;2319576214.21
1975;Brunei;2496420257.54
1976;Brunei;3054765590.29
1977;Brunei;3681242528.32
1978;Brunei;4100423673.59
1979;Brunei;6044367628.29
1980;Brunei;10795432293.61
1981;Brunei;9367218664.31
1982;Brunei;8932198185.73
1983;Brunei;7927590750.40
1984;Brunei;7632788075.16
1985;Brunei;6967623884.42
1986;Brunei;4190280002.67
1987;Brunei;4918010080.03
1988;Brunei;4535130304.71
1989;Brunei;4983622881.00
1990;Brunei;6039881086.68
1991;Brunei;6284497300.38
1992;Brunei;6327966444.87
1993;Brunei;6203339925.05
1994;Brunei;6467782521.32
1995;Brunei;7700144056.75
1996;Brunei;7663377277.00
1997;Brunei;7793034389.75
1998;Brunei;5550846024.98
1999;Brunei;6309070374.84
2000;Brunei;6570999059.71
2001;Brunei;6096155747.56
2002;Brunei;6333082878.98
2003;Brunei;7167725264.75
2004;Brunei;8619178799.47
2005;Brunei;10547202612.43
2006;Brunei;12644616446.19
2007;Brunei;13432029495.68
2008;Brunei;15926456491.52
2009;Brunei;11912904529.07
2010;Brunei;13707121031.26
2011;Brunei;18524791070.68
2012;Brunei;19048443339.95
2013;Brunei;18094148099.49
2014;Brunei;17097797371.97
2015;Brunei;12930296852.49
2016;Brunei;11400266055.32
2017;Brunei;12128168046.78
2018;Brunei;13566908401.19
2019;Brunei;13469235348.22
2020;Brunei;12005799664.27
2021;Brunei;14006496614.32
1960;Bhutan;
1961;Bhutan;
1962;Bhutan;
1963;Bhutan;
1964;Bhutan;
1965;Bhutan;
1966;Bhutan;
1967;Bhutan;
1968;Bhutan;
1969;Bhutan;
1970;Bhutan;61812113.07
1971;Bhutan;66289450.33
1972;Bhutan;70139866.81
1973;Bhutan;78900289.32
1974;Bhutan;92901784.50
1975;Bhutan;86820762.49
1976;Bhutan;88461262.78
1977;Bhutan;97884433.80
1978;Bhutan;94086227.61
1979;Bhutan;105377995.20
1980;Bhutan;128669200.92
1981;Bhutan;139174178.09
1982;Bhutan;141439317.40
1983;Bhutan;156704289.91
1984;Bhutan;160423493.94
1985;Bhutan;163288815.36
1986;Bhutan;191218115.49
1987;Bhutan;242742766.35
1988;Bhutan;272298066.56
1989;Bhutan;264798626.17
1990;Bhutan;287765007.11
1991;Bhutan;240294286.02
1992;Bhutan;240233531.16
1993;Bhutan;225973692.84
1994;Bhutan;258954708.05
1995;Bhutan;290490983.82
1996;Bhutan;303408345.62
1997;Bhutan;352229076.71
1998;Bhutan;363458380.90
1999;Bhutan;399311199.51
2000;Bhutan;460733418.40
2001;Bhutan;496110225.71
2002;Bhutan;559345263.71
2003;Bhutan;651935430.31
2004;Bhutan;735348490.43
2005;Bhutan;860391000.22
2006;Bhutan;942879878.54
2007;Bhutan;1255767964.00
2008;Bhutan;1317517834.60
2009;Bhutan;1331343797.77
2010;Bhutan;1708880730.21
2011;Bhutan;1977728658.68
2012;Bhutan;1973387227.97
2013;Bhutan;1943696951.65
2014;Bhutan;2089079570.58
2015;Bhutan;2187815803.37
2016;Bhutan;2357504760.79
2017;Bhutan;2591358009.20
2018;Bhutan;2583335721.86
2019;Bhutan;2735683570.46
2020;Bhutan;2457604333.91
2021;Bhutan;2768802960.11
1960;Belize;28072478.07
1961;Belize;29964999.97
1962;Belize;31857591.86
1963;Belize;33750113.75
1964;Belize;36194586.19
1965;Belize;40110040.11
1966;Belize;44450044.45
1967;Belize;47431255.75
1968;Belize;44999910.00
1969;Belize;47399905.20
1970;Belize;53339893.32
1971;Belize;59074687.20
1972;Belize;65998069.38
1973;Belize;78214767.83
1974;Belize;103160450.45
1975;Belize;118194026.25
1976;Belize;97094227.23
1977;Belize;117650000.00
1978;Belize;136300000.00
1979;Belize;151800000.00
1980;Belize;257400000.00
1981;Belize;260750000.00
1982;Belize;248550000.00
1983;Belize;262150000.00
1984;Belize;290350000.00
1985;Belize;287300000.00
1986;Belize;311500000.00
1987;Belize;371100000.00
1988;Belize;421450000.00
1989;Belize;491100000.00
1990;Belize;547150000.00
1991;Belize;597100000.00
1992;Belize;696250000.00
1993;Belize;752850000.00
1994;Belize;772300000.00
1995;Belize;819050000.00
1996;Belize;850850000.00
1997;Belize;873400000.00
1998;Belize;929500000.00
1999;Belize;1000250000.00
2000;Belize;1138900000.00
2001;Belize;1172800000.00
2002;Belize;1244650000.00
2003;Belize;1308900000.00
2004;Belize;1400850000.00
2005;Belize;1474950000.00
2006;Belize;1591150000.00
2007;Belize;1707100000.00
2008;Belize;1738900000.00
2009;Belize;1688500000.00
2010;Belize;1745700000.00
2011;Belize;1827050000.00
2012;Belize;1909400000.00
2013;Belize;2032750000.00
2014;Belize;2138250000.00
2015;Belize;2193050000.00
2016;Belize;2240200000.00
2017;Belize;2266300000.00
2018;Belize;2293250000.00
2019;Belize;2388300000.00
2020;Belize;2042850000.00
2021;Belize;2420550000.00
1960;Papua New Guinea;230496036.88
1961;Papua New Guinea;244832039.17
1962;Papua New Guinea;261184041.79
1963;Papua New Guinea;275968044.15
1964;Papua New Guinea;305312048.85
1965;Papua New Guinea;344176055.07
1966;Papua New Guinea;390992062.56
1967;Papua New Guinea;441728182.68
1968;Papua New Guinea;485184189.63
1969;Papua New Guinea;551263864.20
1970;Papua New Guinea;645568215.29
1971;Papua New Guinea;717750278.11
1972;Papua New Guinea;858761926.09
1973;Papua New Guinea;1299079410.44
1974;Papua New Guinea;1467417672.17
1975;Papua New Guinea;1356603608.10
1976;Papua New Guinea;1511843235.49
1977;Papua New Guinea;1640746618.68
1978;Papua New Guinea;1947878830.62
1979;Papua New Guinea;2293760510.96
1980;Papua New Guinea;2545808455.52
1981;Papua New Guinea;2498190847.40
1982;Papua New Guinea;2368719683.45
1983;Papua New Guinea;2562351551.04
1984;Papua New Guinea;2552662617.19
1985;Papua New Guinea;2423339171.50
1986;Papua New Guinea;2647995602.29
1987;Papua New Guinea;3143851794.09
1988;Papua New Guinea;3656177880.71
1989;Papua New Guinea;3546472565.69
1990;Papua New Guinea;3219729083.06
1991;Papua New Guinea;3787394957.98
1992;Papua New Guinea;4377980510.06
1993;Papua New Guinea;4974550286.18
1994;Papua New Guinea;5502786069.65
1995;Papua New Guinea;4636057476.43
1996;Papua New Guinea;5155311077.39
1997;Papua New Guinea;4936615298.79
1998;Papua New Guinea;3789443014.62
1999;Papua New Guinea;3477038204.02
2000;Papua New Guinea;3521339699.07
2001;Papua New Guinea;3081024212.43
2002;Papua New Guinea;2999511040.20
2003;Papua New Guinea;3536411824.30
2004;Papua New Guinea;3927157866.96
2005;Papua New Guinea;4865892972.28
2006;Papua New Guinea;8354911040.70
2007;Papua New Guinea;9545028944.35
2008;Papua New Guinea;11670892800.53
2009;Papua New Guinea;11619456449.27
2010;Papua New Guinea;14250786674.78
2011;Papua New Guinea;17985138065.85
2012;Papua New Guinea;21295168665.72
2013;Papua New Guinea;21261338064.88
2014;Papua New Guinea;23210823987.31
2015;Papua New Guinea;21723437010.10
2016;Papua New Guinea;20758876952.62
2017;Papua New Guinea;22742699138.36
2018;Papua New Guinea;24109780708.03
2019;Papua New Guinea;24750626029.88
2020;Papua New Guinea;23848447849.61
2021;Papua New Guinea;26109413521.31
1960;Saint Kitts and Nevis;12366635.75
1961;Saint Kitts and Nevis;12483302.13
1962;Saint Kitts and Nevis;12541635.31
1963;Saint Kitts and Nevis;12833301.25
1964;Saint Kitts and Nevis;13416633.13
1965;Saint Kitts and Nevis;13593932.32
1966;Saint Kitts and Nevis;14469078.18
1967;Saint Kitts and Nevis;16742338.25
1968;Saint Kitts and Nevis;14600000.00
1969;Saint Kitts and Nevis;15850000.00
1970;Saint Kitts and Nevis;16300000.00
1971;Saint Kitts and Nevis;19624746.45
1972;Saint Kitts and Nevis;22944849.12
1973;Saint Kitts and Nevis;24196018.38
1974;Saint Kitts and Nevis;31514856.31
1975;Saint Kitts and Nevis;33364055.30
1976;Saint Kitts and Nevis;30095602.29
1977;Saint Kitts and Nevis;44496296.30
1978;Saint Kitts and Nevis;49433333.33
1979;Saint Kitts and Nevis;58840740.74
1980;Saint Kitts and Nevis;68459259.26
1981;Saint Kitts and Nevis;80888888.89
1982;Saint Kitts and Nevis;86022222.22
1983;Saint Kitts and Nevis;86874074.07
1984;Saint Kitts and Nevis;98603703.70
1985;Saint Kitts and Nevis;111007407.41
1986;Saint Kitts and Nevis;130685185.19
1987;Saint Kitts and Nevis;147748148.15
1988;Saint Kitts and Nevis;172692592.59
1989;Saint Kitts and Nevis;192518518.52
1990;Saint Kitts and Nevis;217259259.26
1991;Saint Kitts and Nevis;220540740.74
1992;Saint Kitts and Nevis;242137037.04
1993;Saint Kitts and Nevis;263755555.56
1994;Saint Kitts and Nevis;295159259.26
1995;Saint Kitts and Nevis;313485185.19
1996;Saint Kitts and Nevis;333944444.44
1997;Saint Kitts and Nevis;374641307.97
1998;Saint Kitts and Nevis;383257331.41
1999;Saint Kitts and Nevis;406595484.37
2000;Saint Kitts and Nevis;421695769.84
2001;Saint Kitts and Nevis;458643829.01
2002;Saint Kitts and Nevis;481077373.67
2003;Saint Kitts and Nevis;469869869.87
2004;Saint Kitts and Nevis;506900000.00
2005;Saint Kitts and Nevis;547203703.70
2006;Saint Kitts and Nevis;644414814.81
2007;Saint Kitts and Nevis;689285185.19
2008;Saint Kitts and Nevis;777692592.59
2009;Saint Kitts and Nevis;774274074.07
2010;Saint Kitts and Nevis;778718518.52
2011;Saint Kitts and Nevis;836092592.59
2012;Saint Kitts and Nevis;824585185.19
2013;Saint Kitts and Nevis;874548148.15
2014;Saint Kitts and Nevis;952111111.11
2015;Saint Kitts and Nevis;957222222.22
2016;Saint Kitts and Nevis;1006818518.52
2017;Saint Kitts and Nevis;1056977777.78
2018;Saint Kitts and Nevis;1076548148.15
2019;Saint Kitts and Nevis;1107855555.56
2020;Saint Kitts and Nevis;883922222.22
2021;Saint Kitts and Nevis;858622222.22
1960;Nauru;
1961;Nauru;
1962;Nauru;
1963;Nauru;
1964;Nauru;
1965;Nauru;
1966;Nauru;
1967;Nauru;
1968;Nauru;
1969;Nauru;
1970;Nauru;17570366.22
1971;Nauru;19009433.31
1972;Nauru;21734268.69
1973;Nauru;26529816.78
1974;Nauru;35994511.42
1975;Nauru;40106775.91
1976;Nauru;40287427.20
1977;Nauru;40444701.77
1978;Nauru;41754147.30
1979;Nauru;44431330.23
1980;Nauru;46947124.23
1981;Nauru;51689636.60
1982;Nauru;52877742.47
1983;Nauru;48439093.12
1984;Nauru;47363231.30
1985;Nauru;41548740.51
1986;Nauru;39939390.74
1987;Nauru;40118409.87
1988;Nauru;45931133.59
1989;Nauru;53736786.09
1990;Nauru;55572375.53
1991;Nauru;52533788.56
1992;Nauru;51133123.13
1993;Nauru;43542088.25
1994;Nauru;39742511.24
1995;Nauru;39969705.97
1996;Nauru;37458801.21
1997;Nauru;37331507.28
1998;Nauru;29664450.93
1999;Nauru;27328612.61
2000;Nauru;26930980.34
2001;Nauru;22613287.54
2002;Nauru;21017423.61
2003;Nauru;24778159.58
2004;Nauru;30587565.80
2005;Nauru;30282840.19
2006;Nauru;29183626.71
2007;Nauru;23068623.46
2008;Nauru;37184925.33
2009;Nauru;44024969.95
2010;Nauru;47442299.26
2011;Nauru;65444173.78
2012;Nauru;100794924.67
2013;Nauru;94385014.94
2014;Nauru;98752257.05
2015;Nauru;84383388.64
2016;Nauru;97276023.08
2017;Nauru;108862278.52
2018;Nauru;130937589.75
2019;Nauru;124871111.38
2020;Nauru;124530027.30
2021;Nauru;175513984.50
1960;Solomon Islands;
1961;Solomon Islands;
1962;Solomon Islands;
1963;Solomon Islands;
1964;Solomon Islands;
1965;Solomon Islands;
1966;Solomon Islands;
1967;Solomon Islands;25203524.03
1968;Solomon Islands;28084252.76
1969;Solomon Islands;28606411.40
1970;Solomon Islands;
1971;Solomon Islands;50056882.82
1972;Solomon Islands;40606712.05
1973;Solomon Islands;55272108.84
1974;Solomon Islands;84539332.28
1975;Solomon Islands;74620320.03
1976;Solomon Islands;83100834.31
1977;Solomon Islands;93145283.36
1978;Solomon Islands;111027427.21
1979;Solomon Islands;151276496.48
1980;Solomon Islands;182852106.52
1981;Solomon Islands;193750540.70
1982;Solomon Islands;192902018.73
1983;Solomon Islands;181220398.97
1984;Solomon Islands;181570473.77
1985;Solomon Islands;165524943.49
1986;Solomon Islands;147620047.66
1987;Solomon Islands;155128542.42
1988;Solomon Islands;176494394.04
1989;Solomon Islands;172882410.58
1990;Solomon Islands;214877666.85
1991;Solomon Islands;227540473.34
1992;Solomon Islands;269034595.81
1993;Solomon Islands;300746361.13
1994;Solomon Islands;402837005.27
1995;Solomon Islands;469443201.50
1996;Solomon Islands;510586430.19
1997;Solomon Islands;526554005.95
1998;Solomon Islands;457579840.23
1999;Solomon Islands;488024514.37
2000;Solomon Islands;419842674.23
2001;Solomon Islands;409508552.98
2002;Solomon Islands;346406738.89
2003;Solomon Islands;417668983.41
2004;Solomon Islands;468005318.55
2005;Solomon Islands;552864570.23
2006;Solomon Islands;617258154.26
2007;Solomon Islands;695295347.62
2008;Solomon Islands;776337691.80
2009;Solomon Islands;805557562.58
2010;Solomon Islands;898133684.90
2011;Solomon Islands;1063895360.70
2012;Solomon Islands;1185215418.26
2013;Solomon Islands;1285911586.13
2014;Solomon Islands;1335571420.73
2015;Solomon Islands;1307909887.55
2016;Solomon Islands;1379490304.23
2017;Solomon Islands;1469789119.09
2018;Solomon Islands;1615478393.29
2019;Solomon Islands;1619155017.39
2020;Solomon Islands;1536145814.17
2021;Solomon Islands;1522794913.09
1960;Somalia;180459936.78
1961;Somalia;191659914.38
1962;Somalia;203531927.55
1963;Somalia;216145935.94
1964;Somalia;229529912.67
1965;Somalia;243725898.03
1966;Somalia;257375897.05
1967;Somalia;271781886.81
1968;Somalia;286719885.31
1969;Somalia;306357284.57
1970;Somalia;347985394.29
1971;Somalia;347039445.71
1972;Somalia;447883941.19
1973;Somalia;483699610.60
1974;Somalia;572504035.90
1975;Somalia;757015878.79
1976;Somalia;871344245.12
1977;Somalia;498550724.64
1978;Somalia;564571823.20
1979;Somalia;589566929.13
1980;Somalia;602515548.45
1981;Somalia;699302473.05
1982;Somalia;774578931.96
1983;Somalia;735408641.77
1984;Somalia;787434541.73
1985;Somalia;875702247.19
1986;Somalia;916590786.33
1987;Somalia;1018972664.46
1988;Somalia;1051596967.13
1989;Somalia;1181360843.94
1990;Somalia;1031282081.17
1991;Somalia;717974929.76
1992;Somalia;709297578.50
1993;Somalia;1260132955.79
1994;Somalia;1481205097.98
1995;Somalia;1534756134.55
1996;Somalia;1792234297.39
1997;Somalia;2191749013.58
1998;Somalia;2962047564.42
1999;Somalia;3045751527.66
2000;Somalia;3412797450.20
2001;Somalia;2252847464.69
2002;Somalia;2192684134.59
2003;Somalia;2836724351.56
2004;Somalia;3859592813.10
2005;Somalia;4683246454.10
2006;Somalia;5026743282.04
2007;Somalia;5430713728.89
2008;Somalia;5913620292.91
2009;Somalia;2948594552.45
2010;Somalia;2687807003.74
2011;Somalia;2906000096.93
2012;Somalia;4364670160.00
2013;Somalia;5062881600.00
2014;Somalia;5728399720.00
2015;Somalia;6152149100.00
2016;Somalia;6613743070.00
2017;Somalia;7621501710.00
2018;Somalia;7873440830.00
2019;Somalia;8655023960.00
2020;Somalia;8628393720.00
2021;Somalia;9483997390.00
1960;Tonga;
1961;Tonga;
1962;Tonga;
1963;Tonga;
1964;Tonga;
1965;Tonga;
1966;Tonga;
1967;Tonga;
1968;Tonga;
1969;Tonga;
1970;Tonga;
1971;Tonga;
1972;Tonga;
1973;Tonga;
1974;Tonga;
1975;Tonga;32506741.72
1976;Tonga;30036416.96
1977;Tonga;34139387.89
1978;Tonga;41567471.67
1979;Tonga;44667002.01
1980;Tonga;53260077.43
1981;Tonga;62242013.33
1982;Tonga;62068161.07
1983;Tonga;60863963.96
1984;Tonga;64248354.54
1985;Tonga;60058663.31
1986;Tonga;68195855.61
1987;Tonga;81667133.45
1988;Tonga;106657267.37
1989;Tonga;106344854.99
1990;Tonga;113563821.58
1991;Tonga;132201141.45
1992;Tonga;137066290.55
1993;Tonga;138489884.39
1994;Tonga;195990986.21
1995;Tonga;208871665.75
1996;Tonga;222100576.35
1997;Tonga;214991452.31
1998;Tonga;191504892.76
1999;Tonga;199208717.50
2000;Tonga;204848487.81
2001;Tonga;181117230.41
2002;Tonga;182764280.83
2003;Tonga;202246591.22
2004;Tonga;230678011.42
2005;Tonga;261823805.43
2006;Tonga;292232703.31
2007;Tonga;298519623.34
2008;Tonga;344438844.33
2009;Tonga;312415028.45
2010;Tonga;366887374.99
2011;Tonga;414143828.49
2012;Tonga;471122971.31
2013;Tonga;451788498.26
2014;Tonga;440997734.93
2015;Tonga;437525538.90
2016;Tonga;420828254.54
2017;Tonga;459976847.11
2018;Tonga;489714529.78
2019;Tonga;494197853.97
2020;Tonga;496856303.95
2021;Tonga;518228028.70
1960;St. Vincent and the Grenadines;13066634.00
1961;St. Vincent and the Grenadines;13999965.00
1962;St. Vincent and the Grenadines;14524963.69
1963;St. Vincent and the Grenadines;13708299.06
1964;St. Vincent and the Grenadines;14758296.44
1965;St. Vincent and the Grenadines;15108295.56
1966;St. Vincent and the Grenadines;16099959.75
1967;St. Vincent and the Grenadines;15835106.03
1968;St. Vincent and the Grenadines;15350000.00
1969;St. Vincent and the Grenadines;16650000.00
1970;St. Vincent and the Grenadines;18450000.00
1971;St. Vincent and the Grenadines;20051922.33
1972;St. Vincent and the Grenadines;27585804.87
1973;St. Vincent and the Grenadines;30165081.09
1974;St. Vincent and the Grenadines;32923702.73
1975;St. Vincent and the Grenadines;33237225.99
1976;St. Vincent and the Grenadines;32792844.68
1977;St. Vincent and the Grenadines;49353161.85
1978;St. Vincent and the Grenadines;60844771.48
1979;St. Vincent and the Grenadines;71096359.63
1980;St. Vincent and the Grenadines;82340339.63
1981;St. Vincent and the Grenadines;102086539.26
1982;St. Vincent and the Grenadines;113759203.33
1983;St. Vincent and the Grenadines;122255349.63
1984;St. Vincent and the Grenadines;135024987.78
1985;St. Vincent and the Grenadines;145641705.19
1986;St. Vincent and the Grenadines;160846656.67
1987;St. Vincent and the Grenadines;175580647.41
1988;St. Vincent and the Grenadines;200726712.59
1989;St. Vincent and the Grenadines;214745002.22
1990;St. Vincent and the Grenadines;240366666.67
1991;St. Vincent and the Grenadines;254829629.63
1992;St. Vincent and the Grenadines;277955555.56
1993;St. Vincent and the Grenadines;286307407.41
1994;St. Vincent and the Grenadines;289437037.04
1995;St. Vincent and the Grenadines;316007407.41
1996;St. Vincent and the Grenadines;331488888.89
1997;St. Vincent and the Grenadines;347770370.37
1998;St. Vincent and the Grenadines;373618518.52
1999;St. Vincent and the Grenadines;390718518.52
2000;St. Vincent and the Grenadines;427946037.04
2001;St. Vincent and the Grenadines;462072333.33
2002;St. Vincent and the Grenadines;487763851.85
2003;St. Vincent and the Grenadines;509090888.89
2004;St. Vincent and the Grenadines;549900185.19
2005;St. Vincent and the Grenadines;579948925.93
2006;St. Vincent and the Grenadines;643501148.15
2007;St. Vincent and the Grenadines;713596666.67
2008;St. Vincent and the Grenadines;732663259.26
2009;St. Vincent and the Grenadines;714300259.26
2010;St. Vincent and the Grenadines;720447888.89
2011;St. Vincent and the Grenadines;713796370.37
2012;St. Vincent and the Grenadines;730032592.59
2013;St. Vincent and the Grenadines;764781259.26
2014;St. Vincent and the Grenadines;770900000.00
2015;St. Vincent and the Grenadines;786555555.56
2016;St. Vincent and the Grenadines;814303703.70
2017;St. Vincent and the Grenadines;844040740.74
2018;St. Vincent and the Grenadines;884329629.63
2019;St. Vincent and the Grenadines;910481481.48
2020;St. Vincent and the Grenadines;864566666.67
2021;St. Vincent and the Grenadines;888677777.78
1960;Sudan;1126364161.76
1961;Sudan;1222860428.56
1962;Sudan;1328259624.72
1963;Sudan;1351234926.34
1964;Sudan;1388282600.20
1965;Sudan;1446869619.32
1966;Sudan;1484491675.72
1967;Sudan;1607409539.37
1968;Sudan;1677771400.57
1969;Sudan;1847501441.26
1970;Sudan;2100229759.05
1971;Sudan;2288340041.03
1972;Sudan;2483055722.24
1973;Sudan;3077254460.30
1974;Sudan;3958931659.85
1975;Sudan;4823090191.91
1976;Sudan;6013210815.66
1977;Sudan;7499005639.38
1978;Sudan;8128719315.08
1979;Sudan;8418407786.61
1980;Sudan;8951800000.00
1981;Sudan;10753888154.28
1982;Sudan;8732542273.73
1983;Sudan;8230153846.15
1984;Sudan;10447615384.62
1985;Sudan;8075259600.34
1986;Sudan;10092200000.00
1987;Sudan;12093333333.33
1988;Sudan;14372555555.56
1989;Sudan;21408111111.11
1990;Sudan;33641222222.22
1991;Sudan;44171194366.20
1992;Sudan;7031933491.85
1993;Sudan;8881005435.81
1994;Sudan;12793794737.04
1995;Sudan;13830363899.92
1996;Sudan;9018300724.66
1997;Sudan;11681175864.34
1998;Sudan;11250221536.75
1999;Sudan;10682028339.69
2000;Sudan;12257299147.29
2001;Sudan;15716361792.19
2002;Sudan;18137128388.36
2003;Sudan;21355298459.60
2004;Sudan;26646007250.73
2005;Sudan;35182711987.97
2006;Sudan;45263831634.15
2007;Sudan;59440139774.81
2008;Sudan;64833083257.14
2009;Sudan;51621044076.92
2010;Sudan;58962978034.48
2011;Sudan;55018567210.53
2012;Sudan;37632919966.67
2013;Sudan;43024018082.19
2014;Sudan;49516748617.98
2015;Sudan;51726758676.77
2016;Sudan;42630376000.00
2017;Sudan;41283617976.19
2018;Sudan;32333780383.29
2019;Sudan;32338079165.29
2020;Sudan;27034593750.00
2021;Sudan;34229513774.99
1960;Vanuatu;
1961;Vanuatu;
1962;Vanuatu;
1963;Vanuatu;
1964;Vanuatu;
1965;Vanuatu;
1966;Vanuatu;
1967;Vanuatu;
1968;Vanuatu;
1969;Vanuatu;
1970;Vanuatu;
1971;Vanuatu;
1972;Vanuatu;
1973;Vanuatu;
1974;Vanuatu;
1975;Vanuatu;
1976;Vanuatu;
1977;Vanuatu;
1978;Vanuatu;
1979;Vanuatu;119258835.34
1980;Vanuatu;121185497.57
1981;Vanuatu;113781795.82
1982;Vanuatu;114501912.52
1983;Vanuatu;117389554.19
1984;Vanuatu;144482515.37
1985;Vanuatu;131856420.70
1986;Vanuatu;126498935.34
1987;Vanuatu;139464173.55
1988;Vanuatu;158351368.43
1989;Vanuatu;154013202.12
1990;Vanuatu;168879207.24
1991;Vanuatu;201334169.05
1992;Vanuatu;209088824.61
1993;Vanuatu;200491853.17
1994;Vanuatu;233701301.49
1995;Vanuatu;249333250.08
1996;Vanuatu;261370044.49
1997;Vanuatu;272771209.11
1998;Vanuatu;262293410.71
1999;Vanuatu;268006972.69
2000;Vanuatu;272014627.84
2001;Vanuatu;257926881.72
2002;Vanuatu;262596535.55
2003;Vanuatu;314471413.00
2004;Vanuatu;364996869.13
2005;Vanuatu;394962433.03
2006;Vanuatu;439358586.54
2007;Vanuatu;516392922.51
2008;Vanuatu;590748429.40
2009;Vanuatu;592622319.15
2010;Vanuatu;670712979.68
2011;Vanuatu;770153588.22
2012;Vanuatu;747839697.75
2013;Vanuatu;758304466.25
2014;Vanuatu;773717010.55
2015;Vanuatu;759690180.95
2016;Vanuatu;804323576.86
2017;Vanuatu;880043284.40
2018;Vanuatu;914727908.14
2019;Vanuatu;936526267.62
2020;Vanuatu;909421043.51
2021;Vanuatu;982362211.92
1960;Suriname;99650000.00
1961;Suriname;107700000.00
1962;Suriname;116150000.00
1963;Suriname;125950000.00
1964;Suriname;134400000.00
1965;Suriname;154150000.00
1966;Suriname;190350000.00
1967;Suriname;220700000.00
1968;Suriname;241350000.00
1969;Suriname;259650000.00
1970;Suriname;274900000.00
1971;Suriname;301000000.00
1972;Suriname;311950000.00
1973;Suriname;339450000.00
1974;Suriname;409850000.00
1975;Suriname;465500000.00
1976;Suriname;505500000.00
1977;Suriname;641500000.00
1978;Suriname;735500000.00
1979;Suriname;782500000.00
1980;Suriname;795000000.00
1981;Suriname;889000000.00
1982;Suriname;915000000.00
1983;Suriname;883500000.00
1984;Suriname;864000000.00
1985;Suriname;873000000.00
1986;Suriname;891000000.00
1987;Suriname;980000000.00
1988;Suriname;1161000000.00
1989;Suriname;542600000.00
1990;Suriname;388400000.00
1991;Suriname;448100000.00
1992;Suriname;404600000.00
1993;Suriname;428764705.88
1994;Suriname;605492537.31
1995;Suriname;691590497.74
1996;Suriname;861372806.21
1997;Suriname;926422500.00
1998;Suriname;1110850000.00
1999;Suriname;886290697.67
2000;Suriname;947671969.70
2001;Suriname;834279357.80
2002;Suriname;1093574468.09
2003;Suriname;1274190311.42
2004;Suriname;1484092538.41
2005;Suriname;1793410397.39
2006;Suriname;2626380435.18
2007;Suriname;2936612021.86
2008;Suriname;3532969034.61
2009;Suriname;3875409836.07
2010;Suriname;4368370997.92
2011;Suriname;4422276621.79
2012;Suriname;4980000000.00
2013;Suriname;5145757575.76
2014;Suriname;5240606060.61
2015;Suriname;5126237646.22
2016;Suriname;3317421648.10
2017;Suriname;3591679431.00
2018;Suriname;3996198866.57
2019;Suriname;4016040575.09
2020;Suriname;2911807496.20
2021;Suriname;3107923197.97
1960;South Sudan;
1961;South Sudan;
1962;South Sudan;
1963;South Sudan;
1964;South Sudan;
1965;South Sudan;
1966;South Sudan;
1967;South Sudan;
1968;South Sudan;
1969;South Sudan;
1970;South Sudan;
1971;South Sudan;
1972;South Sudan;
1973;South Sudan;
1974;South Sudan;
1975;South Sudan;
1976;South Sudan;
1977;South Sudan;
1978;South Sudan;
1979;South Sudan;
1980;South Sudan;
1981;South Sudan;
1982;South Sudan;
1983;South Sudan;
1984;South Sudan;
1985;South Sudan;
1986;South Sudan;
1987;South Sudan;
1988;South Sudan;
1989;South Sudan;
1990;South Sudan;
1991;South Sudan;
1992;South Sudan;
1993;South Sudan;
1994;South Sudan;
1995;South Sudan;
1996;South Sudan;
1997;South Sudan;
1998;South Sudan;
1999;South Sudan;
2000;South Sudan;
2001;South Sudan;
2002;South Sudan;
2003;South Sudan;
2004;South Sudan;
2005;South Sudan;
2006;South Sudan;
2007;South Sudan;
2008;South Sudan;14586253383.06
2009;South Sudan;12231264525.07
2010;South Sudan;14602072410.95
2011;South Sudan;14907308932.75
2012;South Sudan;11931472169.49
2013;South Sudan;18426469016.95
2014;South Sudan;13962212847.46
2015;South Sudan;11997800760.22
2016;South Sudan;
2017;South Sudan;
2018;South Sudan;
2019;South Sudan;
2020;South Sudan;
2021;South Sudan;
1960;Samoa;
1961;Samoa;
1962;Samoa;
1963;Samoa;
1964;Samoa;
1965;Samoa;
1966;Samoa;
1967;Samoa;
1968;Samoa;
1969;Samoa;
1970;Samoa;45208337.61
1971;Samoa;53719568.97
1972;Samoa;62566116.38
1973;Samoa;82452985.37
1974;Samoa;93549610.93
1975;Samoa;93489282.55
1976;Samoa;85003077.70
1977;Samoa;98295671.03
1978;Samoa;108223444.25
1979;Samoa;122257392.88
1980;Samoa;125747037.96
1981;Samoa;118190654.68
1982;Samoa;121221651.62
1983;Samoa;111862823.57
1984;Samoa;109200934.33
1985;Samoa;95572172.98
1986;Samoa;100947848.64
1987;Samoa;111713922.14
1988;Samoa;133016065.42
1989;Samoa;122888609.72
1990;Samoa;125766269.76
1991;Samoa;125597205.42
1992;Samoa;132303041.36
1993;Samoa;133122897.20
1994;Samoa;221098106.51
1995;Samoa;224865731.38
1996;Samoa;249907868.77
1997;Samoa;285475591.90
1998;Samoa;269485244.16
1999;Samoa;255408060.26
2000;Samoa;258856139.80
2001;Samoa;266299591.48
2002;Samoa;281790134.21
2003;Samoa;333426188.42
2004;Samoa;407747565.10
2005;Samoa;476801793.16
2006;Samoa;499923757.78
2007;Samoa;573548459.83
2008;Samoa;641346191.66
2009;Samoa;628006115.42
2010;Samoa;680260907.15
2011;Samoa;744097050.17
2012;Samoa;773141661.17
2013;Samoa;797736334.28
2014;Samoa;796683519.59
2015;Samoa;824150498.65
2016;Samoa;843924796.70
2017;Samoa;884844384.46
2018;Samoa;878448433.40
2019;Samoa;912950466.06
2020;Samoa;868898358.27
2021;Samoa;843923638.73
1960;Palau;
1961;Palau;
1962;Palau;
1963;Palau;
1964;Palau;
1965;Palau;
1966;Palau;
1967;Palau;
1968;Palau;
1969;Palau;
1970;Palau;11563041.00
1971;Palau;12706874.00
1972;Palau;13956474.00
1973;Palau;15331889.00
1974;Palau;16848759.00
1975;Palau;18521112.00
1976;Palau;20364420.00
1977;Palau;22308104.00
1978;Palau;24530015.00
1979;Palau;27004251.00
1980;Palau;29728054.00
1981;Palau;32726594.00
1982;Palau;36027583.00
1983;Palau;39661530.00
1984;Palau;44814259.00
1985;Palau;51030637.00
1986;Palau;58109314.00
1987;Palau;66169905.00
1988;Palau;75348615.00
1989;Palau;85800543.00
1990;Palau;97702303.00
1991;Palau;106555300.00
1992;Palau;104771300.00
1993;Palau;96455700.00
1994;Palau;106138500.00
1995;Palau;121018500.00
1996;Palau;137494600.00
1997;Palau;143860800.00
1998;Palau;149079600.00
1999;Palau;144206500.00
2000;Palau;149535800.00
2001;Palau;159453500.00
2002;Palau;162665500.00
2003;Palau;154559900.00
2004;Palau;166391600.00
2005;Palau;191048400.00
2006;Palau;193679700.00
2007;Palau;200903600.00
2008;Palau;201167300.00
2009;Palau;189998000.00
2010;Palau;188174300.00
2011;Palau;198873900.00
2012;Palau;215762400.00
2013;Palau;225345700.00
2014;Palau;243156500.00
2015;Palau;278824800.00
2016;Palau;298323500.00
2017;Palau;285600000.00
2018;Palau;288546300.00
2019;Palau;281941600.00
2020;Palau;258990800.00
2021;Palau;235752900.00
1960;Maldives;
1961;Maldives;
1962;Maldives;
1963;Maldives;
1964;Maldives;
1965;Maldives;
1966;Maldives;
1967;Maldives;
1968;Maldives;
1969;Maldives;
1970;Maldives;19328038.32
1971;Maldives;21566404.02
1972;Maldives;25177137.53
1973;Maldives;30862041.60
1974;Maldives;39120171.25
1975;Maldives;24540877.60
1976;Maldives;22399467.11
1977;Maldives;20853788.71
1978;Maldives;24369109.14
1979;Maldives;38523364.49
1980;Maldives;42463576.16
1981;Maldives;44781456.95
1982;Maldives;47911340.18
1983;Maldives;57829787.23
1984;Maldives;109503546.10
1985;Maldives;127190757.96
1986;Maldives;141882254.23
1987;Maldives;141223029.38
1988;Maldives;168514513.38
1989;Maldives;189514434.24
1990;Maldives;215043969.85
1991;Maldives;244396761.92
1992;Maldives;284875809.04
1993;Maldives;322417837.16
1994;Maldives;356014932.14
1995;Maldives;398988954.97
1996;Maldives;450382327.95
1997;Maldives;508223602.38
1998;Maldives;540096397.62
1999;Maldives;589239753.61
2000;Maldives;624337145.28
2001;Maldives;870031676.80
2002;Maldives;897031250.00
2003;Maldives;1052121054.69
2004;Maldives;1226829562.50
2005;Maldives;1163362437.50
2006;Maldives;1575200390.63
2007;Maldives;1868383460.94
2008;Maldives;2271646187.50
2009;Maldives;2345294875.00
2010;Maldives;2588176054.69
2011;Maldives;2774350240.05
2012;Maldives;2886163997.21
2013;Maldives;3295009237.50
2014;Maldives;3697353039.20
2015;Maldives;4129505319.13
2016;Maldives;4409942623.86
2017;Maldives;4816426256.53
2018;Maldives;5404344162.70
2019;Maldives;5726094799.38
2020;Maldives;3712604583.37
2021;Maldives;5252457369.55
1960;Kiribati;
1961;Kiribati;
1962;Kiribati;
1963;Kiribati;
1964;Kiribati;
1965;Kiribati;
1966;Kiribati;
1967;Kiribati;
1968;Kiribati;
1969;Kiribati;
1970;Kiribati;11560877.28
1971;Kiribati;12356134.38
1972;Kiribati;15314346.49
1973;Kiribati;25645040.47
1974;Kiribati;69256488.52
1975;Kiribati;44547453.60
1976;Kiribati;33246816.50
1977;Kiribati;31335458.70
1978;Kiribati;36563964.55
1979;Kiribati;34466197.03
1980;Kiribati;33157723.11
1981;Kiribati;35267489.24
1982;Kiribati;32742712.65
1983;Kiribati;31000545.77
1984;Kiribati;34394167.04
1985;Kiribati;26126615.23
1986;Kiribati;25993008.79
1987;Kiribati;29554412.53
1988;Kiribati;38278810.32
1989;Kiribati;37645319.20
1990;Kiribati;36534294.80
1991;Kiribati;41247791.64
1992;Kiribati;61491369.28
1993;Kiribati;58953595.91
1994;Kiribati;67055333.90
1995;Kiribati;68596394.60
1996;Kiribati;81456854.14
1997;Kiribati;80205806.83
1998;Kiribati;74905705.89
1999;Kiribati;77323978.19
2000;Kiribati;74910527.26
2001;Kiribati;64935850.16
2002;Kiribati;74743869.13
2003;Kiribati;96105619.38
2004;Kiribati;104085892.13
2005;Kiribati;113895437.32
2006;Kiribati;112338353.26
2007;Kiribati;138054945.64
2008;Kiribati;147017894.98
2009;Kiribati;140177384.15
2010;Kiribati;165458433.13
2011;Kiribati;195970140.17
2012;Kiribati;207001545.87
2013;Kiribati;201730860.76
2014;Kiribati;200287281.98
2015;Kiribati;191559398.69
2016;Kiribati;206467818.50
2017;Kiribati;222875736.34
2018;Kiribati;233514717.44
2019;Kiribati;216985388.32
2020;Kiribati;220897998.73
2021;Kiribati;285259893.98
1960;Low-income countries;
1961;Low-income countries;
1962;Low-income countries;
1963;Low-income countries;
1964;Low-income countries;
1965;Low-income countries;
1966;Low-income countries;
1967;Low-income countries;17205533831.68
1968;Low-income countries;18683592751.06
1969;Low-income countries;21734641318.96
1970;Low-income countries;22186255667.11
1971;Low-income countries;24731317132.82
1972;Low-income countries;27674259449.62
1973;Low-income countries;33093613692.88
1974;Low-income countries;41406539934.88
1975;Low-income countries;48963443703.57
1976;Low-income countries;51463286526.95
1977;Low-income countries;59597339982.59
1978;Low-income countries;69474692276.61
1979;Low-income countries;73518551820.48
1980;Low-income countries;81089232422.98
1981;Low-income countries;82767654833.52
1982;Low-income countries;83353290847.74
1983;Low-income countries;79744643425.76
1984;Low-income countries;78500544291.58
1985;Low-income countries;73602581133.67
1986;Low-income countries;77445741170.11
1987;Low-income countries;81362924922.81
1988;Low-income countries;87959337462.92
1989;Low-income countries;95132857690.64
1990;Low-income countries;119484583348.83
1991;Low-income countries;133509321497.67
1992;Low-income countries;91762869527.28
1993;Low-income countries;101449032623.62
1994;Low-income countries;96509721969.78
1995;Low-income countries;88089710770.92
1996;Low-income countries;83783117661.38
1997;Low-income countries;90112800631.15
1998;Low-income countries;92023823816.84
1999;Low-income countries;93091759549.70
2000;Low-income countries;116187766608.92
2001;Low-income countries;109295745604.84
2002;Low-income countries;121557450775.97
2003;Low-income countries;135904742707.34
2004;Low-income countries;160600091235.92
2005;Low-income countries;193437736220.15
2006;Low-income countries;224152443225.11
2007;Low-income countries;270754730049.77
2008;Low-income countries;322232651168.87
2009;Low-income countries;314793300489.46
2010;Low-income countries;352444569549.91
2011;Low-income countries;383594035455.26
2012;Low-income countries;350423266186.24
2013;Low-income countries;356975592533.72
2014;Low-income countries;376071005536.70
2015;Low-income countries;359710118764.63
2016;Low-income countries;316109880599.63
2017;Low-income countries;327200283964.05
2018;Low-income countries;342687284249.88
2019;Low-income countries;356930361600.33
2020;Low-income countries;340851227778.85
2021;Low-income countries;370630013362.64
1960;Macao;
1961;Macao;
1962;Macao;
1963;Macao;
1964;Macao;
1965;Macao;
1966;Macao;
1967;Macao;
1968;Macao;
1969;Macao;
1970;Macao;
1971;Macao;
1972;Macao;
1973;Macao;
1974;Macao;
1975;Macao;
1976;Macao;
1977;Macao;
1978;Macao;
1979;Macao;
1980;Macao;
1981;Macao;
1982;Macao;1142497718.78
1983;Macao;1133013235.10
1984;Macao;1304361353.27
1985;Macao;1362072159.95
1986;Macao;1532105070.19
1987;Macao;1957724829.36
1988;Macao;2288761822.51
1989;Macao;2705665492.02
1990;Macao;3246481233.24
1991;Macao;3765249711.09
1992;Macao;4914365189.05
1993;Macao;5665606114.80
1994;Macao;6311207779.92
1995;Macao;7046147736.92
1996;Macao;7176892950.39
1997;Macao;7267570892.70
1998;Macao;6797792190.20
1999;Macao;6547670439.26
2000;Macao;6774193548.39
2001;Macao;6860272608.45
2002;Macao;7371692774.43
2003;Macao;8246479565.94
2004;Macao;10643253553.18
2005;Macao;12160056122.38
2006;Macao;14874098691.91
2007;Macao;18439981612.41
2008;Macao;21027018332.67
2009;Macao;21587786905.85
2010;Macao;28241798491.59
2011;Macao;36845888757.19
2012;Macao;43189721376.98
2013;Macao;51536595089.28
2014;Macao;54902831793.50
2015;Macao;45048190598.32
2016;Macao;45070808688.96
2017;Macao;50383871120.87
2018;Macao;55190661339.78
2019;Macao;55082293844.10
2020;Macao;25343525935.84
2021;Macao;30969334705.05
1960;Liechtenstein;
1961;Liechtenstein;
1962;Liechtenstein;
1963;Liechtenstein;
1964;Liechtenstein;
1965;Liechtenstein;
1966;Liechtenstein;
1967;Liechtenstein;
1968;Liechtenstein;
1969;Liechtenstein;
1970;Liechtenstein;90099360.84
1971;Liechtenstein;104889795.33
1972;Liechtenstein;124940289.32
1973;Liechtenstein;165928881.56
1974;Liechtenstein;193980464.88
1975;Liechtenstein;246389101.85
1976;Liechtenstein;272489300.47
1977;Liechtenstein;303493119.48
1978;Liechtenstein;436912067.78
1979;Liechtenstein;503173104.39
1980;Liechtenstein;534699362.90
1981;Liechtenstein;511647750.12
1982;Liechtenstein;522096760.29
1983;Liechtenstein;524023624.89
1984;Liechtenstein;502620991.85
1985;Liechtenstein;529073612.45
1986;Liechtenstein;779357802.50
1987;Liechtenstein;1052848995.97
1988;Liechtenstein;1161757671.02
1989;Liechtenstein;1119983801.21
1990;Liechtenstein;1421509216.37
1991;Liechtenstein;1484160302.15
1992;Liechtenstein;1631177029.45
1993;Liechtenstein;1673085244.69
1994;Liechtenstein;1948129622.75
1995;Liechtenstein;2428525060.70
1996;Liechtenstein;2504012993.42
1997;Liechtenstein;2298389802.89
1998;Liechtenstein;2479699106.02
1999;Liechtenstein;2664105901.19
2000;Liechtenstein;2483889858.32
2001;Liechtenstein;2491800558.78
2002;Liechtenstein;2688618747.38
2003;Liechtenstein;3070803051.42
2004;Liechtenstein;3454373797.74
2005;Liechtenstein;3659319116.88
2006;Liechtenstein;4000102086.15
2007;Liechtenstein;4601429897.21
2008;Liechtenstein;5081479840.09
2009;Liechtenstein;4504375348.07
2010;Liechtenstein;5082337238.45
2011;Liechtenstein;5739706004.90
2012;Liechtenstein;5456102482.29
2013;Liechtenstein;6391708310.68
2014;Liechtenstein;6657526979.72
2015;Liechtenstein;6268515276.17
2016;Liechtenstein;6237302033.50
2017;Liechtenstein;6474308717.85
2018;Liechtenstein;6692620691.84
2019;Liechtenstein;6436467007.12
2020;Liechtenstein;6405870210.32
2021;Liechtenstein;7912602342.19
1960;World;1366518832081.63
1961;World;1444155801377.01
1962;World;1545552148962.66
1963;World;1671283302003.20
1964;World;1832063117758.40
1965;World;1996307969114.51
1966;World;2163210217039.90
1967;World;2295465833625.80
1968;World;2480759067236.83
1969;World;2739621571022.64
1970;World;3003540496240.13
1971;World;3319027899480.72
1972;World;3833708718081.18
1973;World;4688479153647.36
1974;World;5419268099653.94
1975;World;6033913861320.21
1976;World;6559468891337.80
1977;World;7415806396991.26
1978;World;8779411323126.77
1979;World;10155057859289.10
1980;World;11451170034154.70
1981;World;11841581193682.80
1982;World;11717779602332.80
1983;World;11961355656014.30
1984;World;12426298948063.80
1985;World;13015126741165.10
1986;World;15345851424081.50
1987;World;17468553825521.00
1988;World;19519047023614.80
1989;World;20388471827492.50
1990;World;22908354034045.60
1991;World;23910596567368.30
1992;World;25534904654814.50
1993;World;25961274908090.30
1994;World;27945244047282.90
1995;World;31154594865009.50
1996;World;31872116364319.20
1997;World;31767295510781.60
1998;World;31711056230286.60
1999;World;32757333536608.60
2000;World;33868713738357.90
2001;World;33662293242135.40
2002;World;34959942302257.20
2003;World;39205591618517.20
2004;World;44181897123631.90
2005;World;47847635179349.80
2006;World;51859668488984.30
2007;World;58448614438455.70
2008;World;64232292784905.60
2009;World;60909219885221.00
2010;World;66722149003894.30
2011;World;74213035604821.00
2012;World;75866007009764.40
2013;World;78070094837109.70
2014;World;80247427618833.90
2015;World;75723635302571.90
2016;World;76957345383656.60
2017;World;81974795709110.10
2018;World;87188987385051.50
2019;World;88492389499432.00
2020;World;86116567565730.40
2021;World;98365745535038.50
1960;North America;583026644046.28
1961;North America;603755471180.32
1962;North America;647146555462.32
1963;North America;683603820946.27
1964;North America;735227454522.87
1965;North America;798251191315.63
1966;North America;875449459015.52
1967;North America;926728878447.81
1968;North America;1013837933810.00
1969;North America;1098041044821.58
1970;North America;1161681557632.31
1971;North America;1264667554743.51
1972;North America;1392809248873.62
1973;North America;1557409843565.64
1974;North America;1706504788139.06
1975;North America;1859668757176.56
1976;North America;2081069912576.07
1977;North America;2294598176304.65
1978;North America;2571444342386.25
1979;North America;2871741324295.71
1980;North America;3132696865996.05
1981;North America;3515026742787.86
1982;North America;3659222307440.61
1983;North America;3976793677182.73
1984;North America;4395317100091.54
1985;North America;4706204512481.65
1986;North America;4959811337023.72
1987;North America;5289645738278.71
1988;North America;5747233127658.55
1989;North America;6210293493275.24
1990;North America;6560811991360.99
1991;North America;6772291612315.62
1992;North America;7116394258318.85
1993;North America;7439432921639.40
1994;North America;7869047506907.26
1995;North America;8247740840061.21
1996;North America;8706425384132.75
1997;North America;9235471826855.55
1998;North America;9699947748000.00
1999;North America;10312908629271.10
2000;North America;10999205634931.60
2001;North America;11324591275355.40
2002;North America;11693694562098.00
2003;North America;12356177171634.80
2004;North America;13248370941278.20
2005;North America;14217173734778.70
2006;North America;15140991809591.00
2007;North America;15949815407783.30
2008;North America;16329831690721.70
2009;North America;15859348142157.30
2010;North America;16672948893486.30
2011;North America;17399371321174.50
2012;North America;18088714669521.60
2013;North America;18733746177835.00
2014;North America;19420301866439.90
2015;North America;19858182357217.10
2016;North America;20339807652907.40
2017;North America;21268509960244.10
2018;North America;22389071169783.00
2019;North America;23291130648672.50
2020;North America;23016677094000.20
2021;North America;25710839785423.20
1960;Slovakia;
1961;Slovakia;
1962;Slovakia;
1963;Slovakia;
1964;Slovakia;
1965;Slovakia;
1966;Slovakia;
1967;Slovakia;
1968;Slovakia;
1969;Slovakia;
1970;Slovakia;
1971;Slovakia;
1972;Slovakia;
1973;Slovakia;
1974;Slovakia;
1975;Slovakia;
1976;Slovakia;
1977;Slovakia;
1978;Slovakia;
1979;Slovakia;
1980;Slovakia;
1981;Slovakia;
1982;Slovakia;
1983;Slovakia;
1984;Slovakia;
1985;Slovakia;
1986;Slovakia;
1987;Slovakia;
1988;Slovakia;
1989;Slovakia;
1990;Slovakia;12915046978.16
1991;Slovakia;14459924588.95
1992;Slovakia;15699327209.21
1993;Slovakia;16737973764.35
1994;Slovakia;20428139755.61
1995;Slovakia;26180022222.22
1996;Slovakia;28197790874.52
1997;Slovakia;27844628979.27
1998;Slovakia;29976207629.49
1999;Slovakia;30496272225.13
2000;Slovakia;29215726004.78
2001;Slovakia;30726659550.97
2002;Slovakia;35243658398.75
2003;Slovakia;46616149116.74
2004;Slovakia;57215475076.30
2005;Slovakia;62547753148.46
2006;Slovakia;70751813442.99
2007;Slovakia;86587749517.97
2008;Slovakia;100830060552.90
2009;Slovakia;89342984697.52
2010;Slovakia;91112160800.77
2011;Slovakia;99705104723.43
2012;Slovakia;94724394278.05
2013;Slovakia;99134277850.34
2014;Slovakia;101713075598.86
2015;Slovakia;89178548717.33
2016;Slovakia;90347173228.64
2017;Slovakia;95978130734.98
2018;Slovakia;106611673364.84
2019;Slovakia;105843498304.09
2020;Slovakia;107732602896.44
2021;Slovakia;120560912620.60
1960;Azerbaijan;
1961;Azerbaijan;
1962;Azerbaijan;
1963;Azerbaijan;
1964;Azerbaijan;
1965;Azerbaijan;
1966;Azerbaijan;
1967;Azerbaijan;
1968;Azerbaijan;
1969;Azerbaijan;
1970;Azerbaijan;
1971;Azerbaijan;
1972;Azerbaijan;
1973;Azerbaijan;
1974;Azerbaijan;
1975;Azerbaijan;
1976;Azerbaijan;
1977;Azerbaijan;
1978;Azerbaijan;
1979;Azerbaijan;
1980;Azerbaijan;
1981;Azerbaijan;
1982;Azerbaijan;
1983;Azerbaijan;
1984;Azerbaijan;
1985;Azerbaijan;
1986;Azerbaijan;
1987;Azerbaijan;
1988;Azerbaijan;
1989;Azerbaijan;
1990;Azerbaijan;8884848484.85
1991;Azerbaijan;5344000000.00
1992;Azerbaijan;444658671.59
1993;Azerbaijan;1570392598.15
1994;Azerbaijan;1193141110.35
1995;Azerbaijan;2417331192.95
1996;Azerbaijan;3176507376.32
1997;Azerbaijan;3962362387.48
1998;Azerbaijan;4446368570.69
1999;Azerbaijan;4581248566.50
2000;Azerbaijan;5272615722.97
2001;Azerbaijan;5707616203.72
2002;Azerbaijan;6236087738.28
2003;Azerbaijan;7276413079.11
2004;Azerbaijan;8680405740.94
2005;Azerbaijan;13245421880.83
2006;Azerbaijan;20981929497.62
2007;Azerbaijan;33049419431.22
2008;Azerbaijan;48851293785.45
2009;Azerbaijan;44292427184.95
2010;Azerbaijan;52909294791.93
2011;Azerbaijan;65952796427.95
2012;Azerbaijan;69679944504.20
2013;Azerbaijan;74160560123.69
2014;Azerbaijan;75239785452.10
2015;Azerbaijan;53076235354.75
2016;Azerbaijan;37866996882.92
2017;Azerbaijan;40866627351.98
2018;Azerbaijan;47112470051.77
2019;Azerbaijan;48174235294.12
2020;Azerbaijan;42693000000.00
2021;Azerbaijan;54825411764.71
1960;Belarus;
1961;Belarus;
1962;Belarus;
1963;Belarus;
1964;Belarus;
1965;Belarus;
1966;Belarus;
1967;Belarus;
1968;Belarus;
1969;Belarus;
1970;Belarus;
1971;Belarus;
1972;Belarus;
1973;Belarus;
1974;Belarus;
1975;Belarus;
1976;Belarus;
1977;Belarus;
1978;Belarus;
1979;Belarus;
1980;Belarus;
1981;Belarus;
1982;Belarus;
1983;Belarus;
1984;Belarus;
1985;Belarus;
1986;Belarus;
1987;Belarus;
1988;Belarus;
1989;Belarus;
1990;Belarus;17389558232.93
1991;Belarus;18404907975.46
1992;Belarus;16939790093.91
1993;Belarus;16275073526.98
1994;Belarus;14931435232.08
1995;Belarus;13972683273.57
1996;Belarus;14756846153.85
1997;Belarus;14130585516.18
1998;Belarus;15221352698.89
1999;Belarus;12138243080.63
2000;Belarus;12736780455.15
2001;Belarus;12354820143.88
2002;Belarus;14594900944.77
2003;Belarus;17825444724.49
2004;Belarus;23141566292.95
2005;Belarus;30210091836.83
2006;Belarus;36961894281.34
2007;Belarus;45275711995.83
2008;Belarus;60752106347.13
2009;Belarus;50873167326.04
2010;Belarus;57231904542.88
2011;Belarus;61762382327.93
2012;Belarus;65685890438.89
2013;Belarus;75527558966.45
2014;Belarus;78813069121.00
2015;Belarus;56454769844.76
2016;Belarus;47723545321.26
2017;Belarus;54725405751.16
2018;Belarus;60031026576.26
2019;Belarus;64410170653.46
2020;Belarus;61371673344.74
2021;Belarus;69673747131.87
